{
  "feature_names": [
    "alignment",
    "slope_score",
    "regression_slope_pct",
    "regression_r2",
    "adx",
    "atr",
    "atr_pct",
    "ema_compression",
    "trend_age_bars",
    "signal_age_bars",
    "dist_ema25_atr",
    "dist_ema80_atr",
    "dist_ema220_atr",
    "dist_reg_atr",
    "hour_utc",
    "is_weekend",
    "dist_pivot_P_atr",
    "nearest_support_distance_atr",
    "nearest_resistance_distance_atr",
    "confluence_levels",
    "confluence_fibo",
    "alligator_mouth",
    "ai_prob_entry"
  ],
  "weights": [
    0.003348671656004153,
    -2.2957860376994335,
    -14.93018605485352,
    -0.012627445887259444,
    -0.14377553450747754,
    0.004325319018516052,
    -18.522861560197008,
    0.02697966017962786,
    0.0024468386616788088,
    0.0023615193312428564,
    -3.219999715539033,
    -0.004681265058612924,
    -0.00015620901313707496,
    -0.001578578933442764,
    0.00041891169983433935,
    0.005802751933106576,
    0.0018203660535636584,
    -0.0028338727726882305,
    -0.0075766043864451136,
    -0.0024921636639651462,
    7.889680646831987e-05,
    -0.002670560918236053,
    0.012539331705090036
  ],
  "bias": 49.819357382327006
}