{
  "feature_names": [
    "alignment",
    "slope_score",
    "regression_slope_pct",
    "regression_r2",
    "adx",
    "atr",
    "confluence_levels",
    "confluence_fibo",
    "alligator_mouth"
  ],
  "weights": [
    -8.231447569159354,
    0.27183536880739273,
    0.5667105758566341,
    0.8403152625862458,
    -0.04360911261932655,
    -0.0029517132846711477,
    6.679095929688243e-06,
    0.00014883422018139293,
    -5.4660752143939824e-05
  ],
  "bias": 9.639856355887234
}