{
  "feature_names": [
    "alignment",
    "slope_score",
    "regression_slope_pct",
    "regression_r2",
    "adx",
    "atr",
    "confluence_levels",
    "confluence_fibo",
    "alligator_mouth"
  ],
  "weights": [
    1.4772320283817615,
    0.061686100790569465,
    -0.2964804586616001,
    0.40796828131618046,
    0.05362373204732862,
    0.08360894672468132,
    7.417301344013321e-08,
    1.6528408530256485e-06,
    -6.070211816241139e-07
  ],
  "bias": -3.4459607569136943
}