{
  "feature_names": [
    "alignment",
    "slope_score",
    "regression_slope_pct",
    "regression_r2",
    "adx",
    "atr",
    "atr_pct",
    "ema_compression",
    "trend_age_bars",
    "signal_age_bars",
    "dist_ema25_atr",
    "dist_ema80_atr",
    "dist_ema220_atr",
    "dist_reg_atr",
    "hour_utc",
    "is_weekend",
    "dist_pivot_P_atr",
    "nearest_support_distance_atr",
    "nearest_resistance_distance_atr",
    "confluence_levels",
    "confluence_fibo",
    "alligator_mouth",
    "ai_prob_entry",
    "wick_reject_ratio",
    "fractal_distance_atr"
  ],
  "weights": [
    0.003348671656004153,
    -0.533019586832979,
    -3.743180320617515,
    -0.012627445887259444,
    -0.06959723302647836,
    0.00432531901851606,
    -10.690159393583242,
    0.018472679039969266,
    0.0013026716312828832,
    0.001217352300846932,
    -1.818522334247449,
    -0.0007705336727840015,
    -0.0017564950494574265,
    -0.001578578933440138,
    0.00011872768300497235,
    0.005802751933106576,
    0.0013700900283196823,
    -0.0028338727726882305,
    -0.0075766043864451136,
    -0.0024921636639651462,
    7.889680646831987e-05,
    -0.002670560918236053,
    0.012539331705090036,
    0.009755044523102894,
    -0.026270857164766702
  ],
  "bias": 27.201560846937106
}