{
  "feature_names": [
    "alignment",
    "slope_score",
    "regression_slope_pct",
    "regression_r2",
    "adx",
    "atr",
    "confluence_levels",
    "confluence_fibo",
    "alligator_mouth"
  ],
  "weights": [
    -1.0480269964931763,
    0.2166727460215686,
    -1.6411356704479112,
    0.9993149675265415,
    0.030454638785347557,
    2.3964734832384718,
    3.7208002240164066e-06,
    8.291277825950936e-05,
    -3.0450489252303535e-05
  ],
  "bias": -0.9166326555817683
}