{
  "feature_names": [
    "alignment",
    "slope_score",
    "regression_slope_pct",
    "regression_r2",
    "adx",
    "atr",
    "confluence_levels",
    "confluence_fibo",
    "alligator_mouth"
  ],
  "weights": [
    -3.1068312387516075,
    -0.057070300541924336,
    -3.279416222923174,
    1.4610471714221567,
    -0.015679743357552033,
    0.0009894386547511544,
    7.417301344013321e-08,
    1.6528408530256485e-06,
    -6.070211816241139e-07
  ],
  "bias": 0.07071719969466428
}