{
  "feature_names": [
    "alignment",
    "slope_score",
    "regression_slope_pct",
    "regression_r2",
    "adx",
    "atr",
    "atr_pct",
    "ema_compression",
    "trend_age_bars",
    "signal_age_bars",
    "dist_ema25_atr",
    "dist_ema80_atr",
    "dist_ema220_atr",
    "dist_reg_atr",
    "hour_utc",
    "is_weekend",
    "dist_pivot_P_atr",
    "nearest_support_distance_atr",
    "nearest_resistance_distance_atr",
    "confluence_levels",
    "confluence_fibo",
    "alligator_mouth",
    "ai_prob_entry",
    "wick_reject_ratio",
    "fractal_distance_atr"
  ],
  "weights": [
    -1.1733671810472743,
    -0.3486900748341896,
    2.116195111992722,
    -1.7112296133269866,
    0.035245266896844755,
    -0.007196896928003421,
    0.8351936255146452,
    0.2043754543452702,
    -0.07891775939470391,
    -0.017784597746484998,
    0.3248044368048835,
    0.0034485724509845466,
    -0.02806405375184211,
    -0.0587488456183169,
    -0.08267180954938365,
    -0.7412715863884045,
    0.0342986637542205,
    0.49312554373005746,
    -0.22138616365972819,
    -6.740545331968425e-45,
    -9.626936947018853e-45,
    -1.2288453274869014e-45,
    -6.625072070741203e-45,
    -2.8358579610160615e-08,
    -0.2500745278771307
  ],
  "bias": 1.855097874602572
}