{
  "feature_names": [
    "alignment",
    "slope_score",
    "regression_slope_pct",
    "regression_r2",
    "adx",
    "atr",
    "atr_pct",
    "ema_compression",
    "trend_age_bars",
    "signal_age_bars",
    "dist_ema25_atr",
    "dist_ema80_atr",
    "dist_ema220_atr",
    "dist_reg_atr",
    "hour_utc",
    "is_weekend",
    "dist_pivot_P_atr",
    "nearest_support_distance_atr",
    "nearest_resistance_distance_atr",
    "confluence_levels",
    "confluence_fibo",
    "alligator_mouth",
    "ai_prob_entry",
    "wick_reject_ratio",
    "fractal_distance_atr"
  ],
  "weights": [
    5.431917091628591,
    -0.0966882761450483,
    1.2001477105158098,
    0.4583772582708238,
    -0.016150562879077877,
    -0.0011253803392282766,
    0.9922049677255307,
    -0.6050629210726142,
    0.014178103725367028,
    0.01030820583374487,
    0.0671745127687224,
    -0.4861656468824776,
    0.02891857801086692,
    0.20676129520049533,
    -0.028643213300780953,
    -0.5264808990445717,
    0.2265929795346362,
    1.336126609805912,
    0.6679869958727624,
    -8.154305614202301e-12,
    -1.1646088280474449e-11,
    -1.4865830373379954e-12,
    -8.014613020213824e-12,
    -1.3937078383153817e-07,
    -0.10567797641526627
  ],
  "bias": -4.847762473255852
}