{
  "feature_names": [
    "alignment",
    "slope_score",
    "regression_slope_pct",
    "regression_r2",
    "adx",
    "atr",
    "confluence_levels",
    "confluence_fibo",
    "alligator_mouth"
  ],
  "weights": [
    1.2275708966400727,
    0.007854208604802428,
    1.4161086770878428,
    0.883087502479385,
    0.03913312375196436,
    0.0018907458287371597,
    7.417301344013321e-08,
    1.6528408530256485e-06,
    -6.070211816241139e-07
  ],
  "bias": -2.899596045573565
}