{
  "feature_names": [
    "alignment",
    "slope_score",
    "regression_slope_pct",
    "regression_r2",
    "adx",
    "atr",
    "atr_pct",
    "ema_compression",
    "trend_age_bars",
    "signal_age_bars",
    "dist_ema25_atr",
    "dist_ema80_atr",
    "dist_ema220_atr",
    "dist_reg_atr",
    "hour_utc",
    "is_weekend",
    "dist_pivot_P_atr",
    "nearest_support_distance_atr",
    "nearest_resistance_distance_atr",
    "confluence_levels",
    "confluence_fibo",
    "alligator_mouth",
    "ai_prob_entry",
    "wick_reject_ratio",
    "fractal_distance_atr"
  ],
  "weights": [
    0.0032790776266076417,
    -0.6625544766900526,
    -5.193597897881259,
    -0.012365015010017385,
    -0.06382849787258811,
    0.004235427739272778,
    -11.534777334828865,
    0.021404496816207142,
    0.0014135082082952475,
    0.0013299620334864843,
    -1.704785085863275,
    0.000632718034270265,
    -0.0013039830882802886,
    -0.0015457719938581412,
    -0.00026309454014094235,
    0.00568215578929259,
    0.0007725838918941731,
    -0.0027749775911630986,
    -0.007419143015919109,
    -0.0024403700785952764,
    7.725712744550437e-05,
    -0.002615059778040462,
    0.012278732067698899,
    0.009552309550837444,
    -0.02572488103046334
  ],
  "bias": 26.575301997348134
}