{
  "feature_names": [
    "alignment",
    "slope_score",
    "regression_slope_pct",
    "regression_r2",
    "adx",
    "atr",
    "atr_pct",
    "ema_compression",
    "trend_age_bars",
    "signal_age_bars",
    "dist_ema25_atr",
    "dist_ema80_atr",
    "dist_ema220_atr",
    "dist_reg_atr",
    "hour_utc",
    "is_weekend",
    "dist_pivot_P_atr",
    "nearest_support_distance_atr",
    "nearest_resistance_distance_atr",
    "confluence_levels",
    "confluence_fibo",
    "alligator_mouth",
    "ai_prob_entry"
  ],
  "weights": [
    0.0032790776266076417,
    -2.2832563606228,
    -15.403213583319335,
    -0.012365015010017385,
    -0.13328963006509945,
    0.0042354277392727705,
    -18.683654897596323,
    0.02883637549217042,
    0.0024606408484114,
    0.0023770946736026374,
    -3.015802595584213,
    -0.0032164608860293727,
    0.0001259394135906909,
    -0.001545771993860859,
    -0.0002590812943795153,
    0.00568215578929259,
    0.0007786037605362489,
    -0.0027749775911630986,
    -0.007419143015919109,
    -0.0024403700785952764,
    7.725712744550437e-05,
    -0.002615059778040462,
    0.012278732067698899
  ],
  "bias": 47.67671345872553
}